<?xml version="1.0" encoding="UTF-8"?>
<display format="2">
  <SchemaTypeDisplayConfigs>
    <facet manageable="false" simpleSearch="false" advancedSearch="false">
      <MetadataGroupsLabels>
        <MetadataGroupLabel code="init.facetConfiguration.query" labels="fr=Requêtes;;" />
        <MetadataGroupLabel code="default:init.facetConfiguration.configuration" labels="fr=Configuration;;" />
        <MetadataGroupLabel code="init.facetConfiguration.values" labels="fr=Valeurs;;" />
      </MetadataGroupsLabels>
    </facet>
  </SchemaTypeDisplayConfigs>
  <SchemaDisplayConfigs SchemaCode="user_default">
    <DisplayMetadataCodes>
      <user_default_username />
      <user_default_firstname />
      <user_default_lastname />
      <user_default_title />
      <user_default_email />
      <user_default_userroles />
      <user_default_groups />
      <user_default_jobTitle />
      <user_default_phone />
      <user_default_status />
      <user_default_createdOn />
      <user_default_modifiedOn />
      <user_default_allroles />
    </DisplayMetadataCodes>
    <FormMetadataCodes>
      <user_default_defaultTabInFolderDisplay />
      <user_default_defaultTaxonomy />
      <user_default_email />
      <user_default_firstname />
      <user_default_groups />
      <user_default_jobTitle />
      <user_default_lastname />
      <user_default_loginLanguageCode />
      <user_default_phone />
      <user_default_startTab />
      <user_default_status />
      <user_default_username />
      <user_default_userroles />
      <user_default_collectionDeleteAccess />
      <user_default_collectionReadAccess />
      <user_default_collectionWriteAccess />
      <user_default_systemAdmin />
      <user_default_signature />
    </FormMetadataCodes>
    <SearchResultsMetadataCodes>
      <user_default_title />
      <user_default_modifiedOn />
    </SearchResultsMetadataCodes>
    <TableMetadataCodes>
      <user_default_title />
      <user_default_modifiedOn />
    </TableMetadataCodes>
  </SchemaDisplayConfigs>
  <SchemaDisplayConfigs SchemaCode="savedSearch_default">
    <DisplayMetadataCodes>
      <savedSearch_default_title />
      <savedSearch_default_createdBy />
      <savedSearch_default_createdOn />
      <savedSearch_default_modifiedBy />
      <savedSearch_default_modifiedOn />
      <savedSearch_default_freeTextSearch />
      <savedSearch_default_pageLength />
      <savedSearch_default_pageNumber />
      <savedSearch_default_public />
      <savedSearch_default_resultsViewMode />
      <savedSearch_default_schemaFilter />
      <savedSearch_default_searchType />
      <savedSearch_default_sortField />
      <savedSearch_default_sortOrder />
      <savedSearch_default_temporary />
      <savedSearch_default_user />
    </DisplayMetadataCodes>
    <FormMetadataCodes>
      <savedSearch_default_title />
      <savedSearch_default_freeTextSearch />
      <savedSearch_default_pageLength />
      <savedSearch_default_pageNumber />
      <savedSearch_default_resultsViewMode />
      <savedSearch_default_schemaFilter />
      <savedSearch_default_searchType />
      <savedSearch_default_sortField />
      <savedSearch_default_sortOrder />
      <savedSearch_default_user />
      <savedSearch_default_public />
      <savedSearch_default_temporary />
      <savedSearch_default_advancedSearch />
      <savedSearch_default_facetSelections />
    </FormMetadataCodes>
    <SearchResultsMetadataCodes>
      <savedSearch_default_title />
      <savedSearch_default_modifiedOn />
    </SearchResultsMetadataCodes>
    <TableMetadataCodes>
      <savedSearch_default_title />
      <savedSearch_default_modifiedOn />
    </TableMetadataCodes>
  </SchemaDisplayConfigs>
  <MetadataDisplayConfigs>
    <facet_field_fieldValuesLabel VisibleInAdvancedSearch="false" InputType="FIELD" Highlight="false" metadataGroup="init.facetConfiguration.values" />
    <facet_query_listQueries VisibleInAdvancedSearch="false" InputType="FIELD" Highlight="false" metadataGroup="init.facetConfiguration.query" />
    <facet_default_active VisibleInAdvancedSearch="false" InputType="FIELD" Highlight="false" metadataGroup="default:init.facetConfiguration.configuration" />
    <facet_default_elementPerPage VisibleInAdvancedSearch="false" InputType="FIELD" Highlight="false" metadataGroup="default:init.facetConfiguration.configuration" />
    <facet_default_facetType VisibleInAdvancedSearch="false" InputType="RADIO_BUTTONS" Highlight="false" metadataGroup="default:init.facetConfiguration.configuration" />
    <facet_default_fieldDatastoreCode VisibleInAdvancedSearch="false" InputType="FIELD" Highlight="false" metadataGroup="default:init.facetConfiguration.configuration" />
    <facet_default_openByDefault VisibleInAdvancedSearch="false" InputType="FIELD" Highlight="false" metadataGroup="default:init.facetConfiguration.configuration" />
    <facet_default_orderResult VisibleInAdvancedSearch="false" InputType="RADIO_BUTTONS" Highlight="false" metadataGroup="default:init.facetConfiguration.configuration" />
    <facet_default_title VisibleInAdvancedSearch="false" InputType="FIELD" Highlight="false" metadataGroup="default:init.facetConfiguration.configuration" />
    <user_default_personalEmails VisibleInAdvancedSearch="false" InputType="TEXTAREA" Highlight="false" metadataGroup="" />
    <event_default_recordVersion VisibleInAdvancedSearch="true" InputType="FIELD" Highlight="true" metadataGroup="default" />
    <authorizationDetails_default_path VisibleInAdvancedSearch="true" InputType="FIELD" Highlight="false" metadataGroup="" />
    <collection_default_path VisibleInAdvancedSearch="true" InputType="FIELD" Highlight="false" metadataGroup="" />
    <emailToSend_default_path VisibleInAdvancedSearch="true" InputType="FIELD" Highlight="false" metadataGroup="" />
    <event_default_path VisibleInAdvancedSearch="true" InputType="FIELD" Highlight="false" metadataGroup="" />
    <facet_field_path VisibleInAdvancedSearch="true" InputType="FIELD" Highlight="false" metadataGroup="" />
    <facet_query_path VisibleInAdvancedSearch="true" InputType="FIELD" Highlight="false" metadataGroup="" />
    <facet_default_path VisibleInAdvancedSearch="true" InputType="FIELD" Highlight="false" metadataGroup="" />
    <globalGroup_default_path VisibleInAdvancedSearch="true" InputType="FIELD" Highlight="false" metadataGroup="" />
    <group_default_path VisibleInAdvancedSearch="true" InputType="FIELD" Highlight="false" metadataGroup="" />
    <printable_default_path VisibleInAdvancedSearch="true" InputType="FIELD" Highlight="false" metadataGroup="" />
    <report_default_path VisibleInAdvancedSearch="true" InputType="FIELD" Highlight="false" metadataGroup="" />
    <savedSearch_default_path VisibleInAdvancedSearch="true" InputType="FIELD" Highlight="false" metadataGroup="" />
    <task_approval_path VisibleInAdvancedSearch="true" InputType="FIELD" Highlight="false" metadataGroup="" />
    <task_default_path VisibleInAdvancedSearch="true" InputType="FIELD" Highlight="false" metadataGroup="" />
    <user_default_path VisibleInAdvancedSearch="true" InputType="FIELD" Highlight="false" metadataGroup="" />
    <userCredential_default_path VisibleInAdvancedSearch="true" InputType="FIELD" Highlight="false" metadataGroup="" />
    <userDocument_default_path VisibleInAdvancedSearch="true" InputType="FIELD" Highlight="false" metadataGroup="" />
    <userFolder_default_path VisibleInAdvancedSearch="true" InputType="FIELD" Highlight="false" metadataGroup="" />
  </MetadataDisplayConfigs>
  <SchemaDisplayConfigs SchemaCode="temporaryRecord_default">
    <DisplayMetadataCodes>
      <temporaryRecord_default_title />
      <temporaryRecord_default_createdBy />
      <temporaryRecord_default_createdOn />
      <temporaryRecord_default_modifiedBy />
      <temporaryRecord_default_modifiedOn />
      <temporaryRecord_default_daysBeforeDestruction />
    </DisplayMetadataCodes>
    <FormMetadataCodes>
      <temporaryRecord_default_title />
      <temporaryRecord_default_daysBeforeDestruction />
    </FormMetadataCodes>
    <SearchResultsMetadataCodes>
      <temporaryRecord_default_title />
      <temporaryRecord_default_modifiedOn />
    </SearchResultsMetadataCodes>
    <TableMetadataCodes>
      <temporaryRecord_default_createdBy />
      <temporaryRecord_default_createdOn />
      <temporaryRecord_default_destructionDate />
      <temporaryRecord_default_content />
    </TableMetadataCodes>
  </SchemaDisplayConfigs>
</display>
