<?xml version="1.0" encoding="UTF-8"?>
<types version="5" languages="fr,en" format="3">
  <type code="collection" label_en="collection" label_fr="Collection" inTransactionLog="t">
    <defaultSchema code="default" label_en="collection" label_fr="Collection">
      <m code="allReferences" label_en="allReferences" label_fr="Toutes les références" multivalue="t" type="STRING">
        <dataEntry calculator="com.constellio.model.services.schemas.calculators.AllReferencesCalculator" />
      </m>
      <m code="allRemovedAuths" label_en="allRemovedAuths" label_fr="Toutes les autorisations retirées" multivalue="t" essential="t" type="STRING">
        <dataEntry calculator="com.constellio.model.services.schemas.calculators.AllRemovedAuthsCalculator" />
      </m>
      <m code="allauthorizations" label_en="allauthorizations" label_fr="Toutes les autorisations" multivalue="t" type="STRING">
        <dataEntry calculator="com.constellio.model.services.schemas.calculators.AllAuthorizationsCalculator" />
      </m>
      <m code="attachedAncestors" label_en="attachedAncestors" label_fr="Ancêtres avec héritage de sécurité" multivalue="t" essential="t" type="STRING">
        <dataEntry calculator="com.constellio.model.services.schemas.calculators.AttachedAncestorsCalculator" />
      </m>
      <m code="authorizations" label_en="authorizations" label_fr="Autorisations" multivalue="t" type="STRING" />
      <m code="autocomplete" label_en="autocomplete" label_fr="Champ des termes pour l'autocomplétion" multivalue="t" essential="t" type="STRING">
        <dataEntry calculator="com.constellio.model.services.schemas.calculators.AutocompleteFieldCalculator" />
      </m>
      <m code="code" label_en="code" label_fr="Code" systemReserved="f" uniqueValue="t" unmodifiable="t" type="STRING" />
      <m code="conservationCalendarNumber" label_en="conservationCalendarNumber" label_fr="Numéro de calendrier de conservation" type="STRING" />
      <m code="createdOn" label_en="createdOn" label_fr="Date de création" sortable="t" type="DATE_TIME" />
      <m code="deleted" label_en="deleted" label_fr="Supprimé" type="BOOLEAN" />
      <m code="denyTokens" label_en="collection" label_fr="collection" multivalue="t" type="STRING">
        <validators classNames="com.constellio.model.services.schemas.validators.ManualTokenValidator" />
      </m>
      <m code="detachedauthorizations" label_en="detachedauthorizations" label_fr="Autorisations détachées" type="BOOLEAN" />
      <m code="errorOnPhysicalDeletion" label_en="errorOnPhysicalDeletion" label_fr="Erreur lors de la suppression physique" type="BOOLEAN" />
      <m code="followers" label_en="followers" label_fr="Suiveurs" multivalue="t" searchable="t" type="STRING" />
      <m code="id" label_en="id" label_fr="ID" searchable="t" sortable="t" uniqueValue="t" unmodifiable="t" type="STRING" defaultRequirement="t" />
      <m code="inheritedauthorizations" label_en="inheritedauthorizations" label_fr="Autorisations héritées" multivalue="t" type="STRING">
        <dataEntry calculator="com.constellio.model.services.schemas.calculators.InheritedAuthorizationsCalculator" />
      </m>
      <m code="languages" label_en="languages" label_fr="langues" multivalue="t" systemReserved="f" unmodifiable="t" type="STRING" />
      <m code="legacyIdentifier" label_en="legacyIdentifier" label_fr="Ancien identifiant" searchable="t" uniqueValue="t" unmodifiable="t" type="STRING" defaultRequirement="t" />
      <m code="logicallyDeletedOn" label_en="logicallyDeletedOn" label_fr="Date suppression" type="DATE_TIME" />
      <m code="manualTokens" label_en="collection" label_fr="collection" multivalue="t" type="STRING">
        <validators classNames="com.constellio.model.services.schemas.validators.ManualTokenValidator" />
      </m>
      <m code="markedForParsing" label_en="markedForParsing" label_fr="Requiert une analyse des données" type="BOOLEAN" />
      <m code="markedForPreviewConversion" label_en="markedForPreviewConversion" label_fr="Requiert une conversion" type="BOOLEAN" />
      <m code="markedForReindexing" label_en="markedForReindexing" label_fr="En attente d'une réindexation" type="BOOLEAN" />
      <m code="migrationDataVersion" label_en="migrationDataVersion" label_fr="Version de migration" essentialInSummary="t" type="NUMBER" />
      <m code="modifiedOn" label_en="modifiedOn" label_fr="Date de modification" sortable="t" type="DATE_TIME" />
      <m code="name" label_en="name" label_fr="Nom" systemReserved="f" type="STRING" />
      <m code="organizationNumber" label_en="organizationNumber" label_fr="Numéro d''organisme public" type="STRING" />
      <m code="parentpath" label_en="parentpath" label_fr="Chemin du parent" multivalue="t" type="STRING">
        <dataEntry calculator="com.constellio.model.services.schemas.calculators.ParentPathCalculator" />
      </m>
      <m code="path" label_en="path" label_fr="Chemin" multivalue="t" type="STRING">
        <dataEntry calculator="com.constellio.model.services.schemas.calculators.PathCalculator" />
      </m>
      <m code="pathParts" label_en="pathParts" label_fr="Segments de chemins" multivalue="t" type="STRING">
        <dataEntry calculator="com.constellio.model.services.schemas.calculators.PathPartsCalculator" />
      </m>
      <m code="principalpath" label_en="principalpath" label_fr="Chemin principal" type="STRING">
        <dataEntry calculator="com.constellio.model.services.schemas.calculators.PrincipalPathCalculator" />
      </m>
      <m code="removedauthorizations" label_en="removedauthorizations" label_fr="Autorisations supprimées" multivalue="t" type="STRING" />
      <m code="schema" label_en="schema" label_fr="Format" type="STRING" defaultRequirement="t" />
      <m code="searchable" label_en="searchable" label_fr="Recherchable" type="BOOLEAN" />
      <m code="shareDenyTokens" label_en="collection" label_fr="collection" multivalue="t" type="STRING">
        <validators classNames="com.constellio.model.services.schemas.validators.ManualTokenValidator" />
      </m>
      <m code="shareTokens" label_en="collection" label_fr="collection" multivalue="t" type="STRING">
        <validators classNames="com.constellio.model.services.schemas.validators.ManualTokenValidator" />
      </m>
      <m code="title" label_en="title" label_fr="Titre" searchable="t" schemaAutocomplete="t" systemReserved="f" type="STRING" />
      <m code="tokens" label_en="tokens" label_fr="Jetons" multivalue="t" type="STRING">
        <dataEntry calculator="com.constellio.model.services.schemas.calculators.TokensCalculator2" />
      </m>
      <m code="visibleInTrees" label_en="visibleInTrees" label_fr="Visible dans l''arbre" type="BOOLEAN" />
    </defaultSchema>
    <customSchemas />
  </type>
  <type code="authorizationDetails" label_en="authorizationDetails" label_fr="Autorisation" security="t" inTransactionLog="t">
    <defaultSchema code="default" label_en="authorizationDetails" label_fr="Autorisation">
      <m code="allReferences" />
      <m code="allRemovedAuths" />
      <m code="allauthorizations" />
      <m code="attachedAncestors" />
      <m code="authorizations" />
      <m code="autocomplete" />
      <m code="createdBy" label_en="createdBy" label_fr="Créé par" type="REFERENCE">
        <references schemaType="user" />
      </m>
      <m code="createdOn" />
      <m code="deleted" />
      <m code="denyTokens" label_en="authorizationDetails" label_fr="authorizationDetails" />
      <m code="detachedauthorizations" />
      <m code="endDate" label_en="endDate" label_fr="Date de fin" systemReserved="f" type="DATE" />
      <m code="errorOnPhysicalDeletion" />
      <m code="followers" />
      <m code="id" />
      <m code="inheritedauthorizations" />
      <m code="legacyIdentifier" />
      <m code="logicallyDeletedOn" />
      <m code="manualTokens" label_en="authorizationDetails" label_fr="authorizationDetails" />
      <m code="markedForParsing" />
      <m code="markedForPreviewConversion" />
      <m code="markedForReindexing" />
      <m code="migrationDataVersion" />
      <m code="modifiedBy" label_en="modifiedBy" label_fr="Modifié par" type="REFERENCE">
        <references schemaType="user" />
      </m>
      <m code="modifiedOn" />
      <m code="parentpath" />
      <m code="path" />
      <m code="pathParts" />
      <m code="principalpath" />
      <m code="removedauthorizations" />
      <m code="roles" label_en="roles" label_fr="Accès/rôles" multivalue="t" systemReserved="f" type="STRING" defaultRequirement="t" />
      <m code="schema" />
      <m code="searchable" />
      <m code="shareDenyTokens" label_en="authorizationDetails" label_fr="authorizationDetails" />
      <m code="shareTokens" label_en="authorizationDetails" label_fr="authorizationDetails" />
      <m code="startDate" label_en="startDate" label_fr="Date de début" systemReserved="f" type="DATE" />
      <m code="synced" label_en="synced" label_fr="Synchronisé" systemReserved="f" type="BOOLEAN" />
      <m code="target" label_en="target" label_fr="Cible" systemReserved="f" type="STRING" defaultRequirement="t" />
      <m code="title" />
      <m code="tokens" />
      <m code="visibleInTrees" />
    </defaultSchema>
    <customSchemas />
  </type>
  <type code="emailToSend" label_en="emailToSend" label_fr="Courriel à envoyer" inTransactionLog="t">
    <defaultSchema code="default" label_en="emailToSend" label_fr="Courriel à envoyer">
      <m code="BCC" label_en="BCC" label_fr="Champ BCC" multivalue="t" systemReserved="f" type="STRUCTURE" structureFactory="com.constellio.model.entities.structures.EmailAddressFactory" />
      <m code="CC" label_en="CC" label_fr="Champ CC" multivalue="t" systemReserved="f" type="STRUCTURE" structureFactory="com.constellio.model.entities.structures.EmailAddressFactory" />
      <m code="allReferences" />
      <m code="allRemovedAuths" />
      <m code="allauthorizations" />
      <m code="attachedAncestors" />
      <m code="authorizations" />
      <m code="autocomplete" />
      <m code="createdBy" label_en="createdBy" label_fr="Créé par" type="REFERENCE">
        <references schemaType="user" />
      </m>
      <m code="createdOn" />
      <m code="deleted" />
      <m code="denyTokens" label_en="emailToSend" label_fr="emailToSend" />
      <m code="detachedauthorizations" />
      <m code="error" label_en="error" label_fr="Erreur" systemReserved="f" type="STRING" />
      <m code="errorOnPhysicalDeletion" />
      <m code="followers" />
      <m code="from" label_en="from" label_fr="De" systemReserved="f" type="STRUCTURE" structureFactory="com.constellio.model.entities.structures.EmailAddressFactory" />
      <m code="id" />
      <m code="inheritedauthorizations" />
      <m code="legacyIdentifier" />
      <m code="logicallyDeletedOn" />
      <m code="manualTokens" label_en="emailToSend" label_fr="emailToSend" />
      <m code="markedForParsing" />
      <m code="markedForPreviewConversion" />
      <m code="markedForReindexing" />
      <m code="migrationDataVersion" />
      <m code="modifiedBy" label_en="modifiedBy" label_fr="Modifié par" type="REFERENCE">
        <references schemaType="user" />
      </m>
      <m code="modifiedOn" />
      <m code="parameters" label_en="parameters" label_fr="Paramètres" multivalue="t" systemReserved="f" type="STRING" />
      <m code="parentpath" />
      <m code="path" />
      <m code="pathParts" />
      <m code="principalpath" />
      <m code="removedauthorizations" />
      <m code="schema" />
      <m code="searchable" />
      <m code="sendOn" label_en="sendOn" label_fr="Date d'envoi" systemReserved="f" type="DATE_TIME" />
      <m code="shareDenyTokens" label_en="emailToSend" label_fr="emailToSend" />
      <m code="shareTokens" label_en="emailToSend" label_fr="emailToSend" />
      <m code="subject" label_en="subject" label_fr="Objet" systemReserved="f" type="STRING" />
      <m code="template" label_en="template" label_fr="Modèle" systemReserved="f" type="STRING" />
      <m code="title" />
      <m code="to" label_en="to" label_fr="À" multivalue="t" systemReserved="f" type="STRUCTURE" structureFactory="com.constellio.model.entities.structures.EmailAddressFactory" />
      <m code="tokens" />
      <m code="tryingCount" label_en="tryingCount" label_fr="Nombre d''essai" systemReserved="f" type="NUMBER" defaultRequirement="t">
        <defaultValue type="java.lang.Double">0.0</defaultValue>
      </m>
      <m code="visibleInTrees" />
    </defaultSchema>
    <customSchemas />
  </type>
  <type code="event" label_en="event" label_fr="Événement" inTransactionLog="t">
    <defaultSchema code="default" label_en="event" label_fr="Événement">
      <m code="allReferences" />
      <m code="allRemovedAuths" />
      <m code="allauthorizations" />
      <m code="attachedAncestors" />
      <m code="authorizations" />
      <m code="autocomplete" />
      <m code="createdBy" label_en="createdBy" label_fr="Créé par" type="REFERENCE">
        <references schemaType="user" />
      </m>
      <m code="createdOn" label_en="createdOn" label_fr="Date de l'évènement" />
      <m code="deleted" />
      <m code="delta" label_en="delta" label_fr="Détails" systemReserved="f" type="STRING" />
      <m code="denyTokens" label_en="event" label_fr="event" />
      <m code="detachedauthorizations" />
      <m code="errorOnPhysicalDeletion" />
      <m code="eventPrincipalPath" label_en="eventPrincipalPath" label_fr="Chemin principal" systemReserved="f" type="STRING" />
      <m code="followers" />
      <m code="id" />
      <m code="inheritedauthorizations" />
      <m code="ip" label_en="ip" label_fr="IP" systemReserved="f" type="STRING" />
      <m code="legacyIdentifier" />
      <m code="logicallyDeletedOn" />
      <m code="manualTokens" label_en="event" label_fr="event" />
      <m code="markedForParsing" />
      <m code="markedForPreviewConversion" />
      <m code="markedForReindexing" />
      <m code="migrationDataVersion" />
      <m code="modifiedBy" label_en="modifiedBy" label_fr="Modifié par" type="REFERENCE">
        <references schemaType="user" />
      </m>
      <m code="modifiedOn" label_en="modifiedOn" label_fr="Date de l'évènement" />
      <m code="parentpath" />
      <m code="path" />
      <m code="pathParts" />
      <m code="permissionDateRange" label_en="permissionDateRange" label_fr="Dates (permission)" systemReserved="f" type="STRING" />
      <m code="permissionRoles" label_en="permissionRoles" label_fr="Rôles (permission)" systemReserved="f" type="STRING" />
      <m code="permissionUsers" label_en="permissionUsers" label_fr="Utilisateurs (permission)" systemReserved="f" type="STRING" />
      <m code="principalpath" />
      <m code="reason" label_en="reason" label_fr="Raison" systemReserved="f" type="STRING" />
      <m code="recordIdentifier" label_en="recordIdentifier" label_fr="Identifiant" systemReserved="f" type="STRING" />
      <m code="recordVersion" label_en="recordVersion" label_fr="Version" undeletable="f" systemReserved="f" type="STRING" />
      <m code="removedauthorizations" />
      <m code="schema" />
      <m code="searchable" />
      <m code="shareDenyTokens" label_en="event" label_fr="event" />
      <m code="shareTokens" label_en="event" label_fr="event" />
      <m code="title" />
      <m code="tokens" />
      <m code="type" label_en="type" label_fr="Type" systemReserved="f" type="STRING" />
      <m code="userRoles" label_en="userRoles" label_fr="Rôles (utilisateur)" systemReserved="f" type="STRING" />
      <m code="username" label_en="username" label_fr="Utilisateur" systemReserved="f" type="STRING" />
      <m code="visibleInTrees" />
    </defaultSchema>
    <customSchemas />
  </type>
  <type code="facet" label_en="facet" label_fr="Facette" inTransactionLog="t">
    <defaultSchema code="default" label_en="facet" label_fr="Facette">
      <m code="active" label_en="active" label_fr="Actif" systemReserved="f" type="BOOLEAN">
        <defaultValue type="java.lang.Boolean">true</defaultValue>
      </m>
      <m code="allReferences" />
      <m code="allRemovedAuths" />
      <m code="allauthorizations" />
      <m code="attachedAncestors" />
      <m code="authorizations" />
      <m code="autocomplete" />
      <m code="createdBy" label_en="createdBy" label_fr="Créé par" type="REFERENCE">
        <references schemaType="user" />
      </m>
      <m code="createdOn" />
      <m code="deleted" />
      <m code="denyTokens" label_en="facet" label_fr="facet" />
      <m code="detachedauthorizations" />
      <m code="elementPerPage" label_en="elementPerPage" label_fr="Éléments par page" systemReserved="f" type="NUMBER" defaultRequirement="t">
        <defaultValue type="java.lang.Integer">5</defaultValue>
      </m>
      <m code="errorOnPhysicalDeletion" />
      <m code="facetType" label_en="facetType" label_fr="Type" systemReserved="f" type="ENUM" defaultRequirement="t" enumClass="com.constellio.model.entities.records.wrappers.structure.FacetType" />
      <m code="fieldDatastoreCode" label_en="fieldDatastoreCode" label_fr="Code de champs" systemReserved="f" essential="t" type="STRING" />
      <m code="followers" />
      <m code="id" />
      <m code="inheritedauthorizations" />
      <m code="legacyIdentifier" />
      <m code="logicallyDeletedOn" />
      <m code="manualTokens" label_en="facet" label_fr="facet" />
      <m code="markedForParsing" />
      <m code="markedForPreviewConversion" />
      <m code="markedForReindexing" />
      <m code="migrationDataVersion" />
      <m code="modifiedBy" label_en="modifiedBy" label_fr="Modifié par" type="REFERENCE">
        <references schemaType="user" />
      </m>
      <m code="modifiedOn" />
      <m code="openByDefault" label_en="openByDefault" label_fr="Ouvert par défaut" systemReserved="f" type="BOOLEAN">
        <defaultValue type="java.lang.Boolean">true</defaultValue>
      </m>
      <m code="order" label_en="order" label_fr="Ordre" systemReserved="f" type="NUMBER" />
      <m code="orderResult" label_en="orderResult" label_fr="Ordre des résultats" systemReserved="f" type="ENUM" defaultRequirement="t" enumClass="com.constellio.model.entities.records.wrappers.structure.FacetOrderType">
        <defaultValue type="com.constellio.model.entities.records.wrappers.structure.FacetOrderType">R</defaultValue>
      </m>
      <m code="pages" label_en="pages" label_fr="Nombre de pages" systemReserved="f" type="NUMBER">
        <defaultValue type="java.lang.Integer">1</defaultValue>
      </m>
      <m code="parentpath" />
      <m code="path" />
      <m code="pathParts" />
      <m code="principalpath" />
      <m code="removedauthorizations" />
      <m code="schema" />
      <m code="searchable" />
      <m code="shareDenyTokens" label_en="facet" label_fr="facet" />
      <m code="shareTokens" label_en="facet" label_fr="facet" />
      <m code="title" defaultRequirement="t" />
      <m code="tokens" />
      <m code="usedByModule" label_en="usedByModule" label_fr="Utilisé par le module" type="STRING" />
      <m code="visibleInTrees" />
    </defaultSchema>
    <customSchemas>
      <schema code="field" label_en="field" label_fr="Champ" undeletable="f">
        <m code="fieldValuesLabel" label_en="fieldValuesLabel" label_fr="Libellés des valeurs de champs" systemReserved="f" type="STRUCTURE" structureFactory="com.constellio.model.entities.structures.MapStringStringStructureFactory" />
      </schema>
      <schema code="query" label_en="query" label_fr="Requête" undeletable="f">
        <m code="listQueries" label_en="listQueries" label_fr="Liste des requêtes" systemReserved="f" type="STRUCTURE" structureFactory="com.constellio.model.entities.structures.MapStringStringStructureFactory" />
      </schema>
    </customSchemas>
  </type>
  <type code="globalGroup" label_en="globalGroup" label_fr="init.globalGroup" inTransactionLog="t">
    <defaultSchema code="default" label_en="globalGroup" label_fr="globalGroup">
      <m code="allReferences" />
      <m code="allRemovedAuths" />
      <m code="allauthorizations" />
      <m code="attachedAncestors" />
      <m code="authorizations" />
      <m code="autocomplete" />
      <m code="code" label_en="code" label_fr="Code" systemReserved="f" essential="t" uniqueValue="t" type="STRING" defaultRequirement="t" />
      <m code="collections" label_en="collections" label_fr="init.globalGroup.default.collections" multivalue="t" systemReserved="f" type="STRING" />
      <m code="createdBy" label_en="createdBy" label_fr="Créé par" type="REFERENCE">
        <references schemaType="user" />
      </m>
      <m code="createdOn" />
      <m code="deleted" />
      <m code="denyTokens" label_en="globalGroup" label_fr="globalGroup" />
      <m code="detachedauthorizations" />
      <m code="errorOnPhysicalDeletion" />
      <m code="followers" />
      <m code="hierarchy" label_en="hierarchy" label_fr="init.globalGroup.default.hierarchy" systemReserved="f" type="STRING" />
      <m code="id" />
      <m code="inheritedauthorizations" />
      <m code="legacyIdentifier" />
      <m code="locallyCreated" label_en="locallyCreated" label_fr="init.globalGroup.default.locallyCreated" systemReserved="f" type="BOOLEAN" />
      <m code="logicallyDeletedOn" />
      <m code="manualTokens" label_en="globalGroup" label_fr="globalGroup" />
      <m code="markedForParsing" />
      <m code="markedForPreviewConversion" />
      <m code="markedForReindexing" />
      <m code="migrationDataVersion" />
      <m code="modifiedBy" label_en="modifiedBy" label_fr="Modifié par" type="REFERENCE">
        <references schemaType="user" />
      </m>
      <m code="modifiedOn" />
      <m code="name" label_en="name" label_fr="Nom" systemReserved="f" type="STRING" defaultRequirement="t" />
      <m code="parent" label_en="parent" label_fr="Parent" systemReserved="f" type="STRING" />
      <m code="parentpath" />
      <m code="path" />
      <m code="pathParts" />
      <m code="principalpath" />
      <m code="removedauthorizations" />
      <m code="schema" />
      <m code="searchable" />
      <m code="shareDenyTokens" label_en="globalGroup" label_fr="globalGroup" />
      <m code="shareTokens" label_en="globalGroup" label_fr="globalGroup" />
      <m code="status" label_en="status" label_fr="Statut" systemReserved="f" type="ENUM" defaultRequirement="t" enumClass="com.constellio.model.entities.security.global.GlobalGroupStatus" />
      <m code="title" />
      <m code="tokens" />
      <m code="visibleInTrees" />
    </defaultSchema>
    <customSchemas />
  </type>
  <type code="group" label_en="group" label_fr="Groupe" inTransactionLog="t">
    <defaultSchema code="default" label_en="group" label_fr="Groupe">
      <m code="allReferences" />
      <m code="allRemovedAuths" />
      <m code="allauthorizations" />
      <m code="attachedAncestors" />
      <m code="authorizations" />
      <m code="autocomplete" />
      <m code="code" label_en="code" label_fr="Code" schemaAutocomplete="t" systemReserved="f" uniqueValue="t" type="STRING" />
      <m code="createdOn" />
      <m code="deleted" />
      <m code="denyTokens" label_en="group" label_fr="group" />
      <m code="detachedauthorizations" />
      <m code="errorOnPhysicalDeletion" />
      <m code="followers" />
      <m code="id" />
      <m code="inheritedauthorizations">
        <dataEntry copied="group_default_allauthorizations" reference="group_default_parent" />
      </m>
      <m code="isGlobal" label_en="isGlobal" label_fr="Global" systemReserved="f" type="BOOLEAN" />
      <m code="legacyIdentifier" />
      <m code="logicallyDeletedOn" />
      <m code="manualTokens" label_en="group" label_fr="group" />
      <m code="markedForParsing" />
      <m code="markedForPreviewConversion" />
      <m code="markedForReindexing" />
      <m code="migrationDataVersion" />
      <m code="modifiedOn" />
      <m code="parent" label_en="parent" label_fr="Parent" systemReserved="f" type="REFERENCE">
        <references schemas="group_default" />
      </m>
      <m code="parentpath" />
      <m code="path" />
      <m code="pathParts" />
      <m code="principalpath" />
      <m code="removedauthorizations" />
      <m code="roles" label_en="roles" label_fr="Rôles" multivalue="t" systemReserved="f" type="STRING" />
      <m code="schema" />
      <m code="searchable" />
      <m code="shareDenyTokens" label_en="group" label_fr="group" />
      <m code="shareTokens" label_en="group" label_fr="group" />
      <m code="title" />
      <m code="tokens" />
      <m code="visibleInTrees" />
    </defaultSchema>
    <customSchemas />
  </type>
  <type code="printable" label_en="printable" label_fr="Imprimable" security="t" inTransactionLog="t">
    <defaultSchema code="default" label_en="printable" label_fr="Imprimable">
      <m code="allReferences" />
      <m code="allRemovedAuths" />
      <m code="allauthorizations" />
      <m code="attachedAncestors" />
      <m code="authorizations" />
      <m code="autocomplete" />
      <m code="createdBy" label_en="createdBy" label_fr="Créé par" type="REFERENCE">
        <references schemaType="user" />
      </m>
      <m code="createdOn" />
      <m code="deleted" />
      <m code="denyTokens" label_en="printable" label_fr="printable" />
      <m code="detachedauthorizations" />
      <m code="errorOnPhysicalDeletion" />
      <m code="followers" />
      <m code="id" />
      <m code="inheritedauthorizations" />
      <m code="isdeletable" label_en="isdeletable" label_fr="init.printable.default.isdeletable" systemReserved="f" type="BOOLEAN">
        <defaultValue type="java.lang.Boolean">true</defaultValue>
      </m>
      <m code="jasperfile" label_en="jasperfile" label_fr="Ficher Jasper" systemReserved="f" essential="t" type="CONTENT" structureFactory="com.constellio.model.services.contents.ContentFactory" />
      <m code="legacyIdentifier" />
      <m code="logicallyDeletedOn" />
      <m code="manualTokens" label_en="printable" label_fr="printable" />
      <m code="markedForParsing" />
      <m code="markedForPreviewConversion" />
      <m code="markedForReindexing" />
      <m code="migrationDataVersion" />
      <m code="modifiedBy" label_en="modifiedBy" label_fr="Modifié par" type="REFERENCE">
        <references schemaType="user" />
      </m>
      <m code="modifiedOn" />
      <m code="parentpath" />
      <m code="path" />
      <m code="pathParts" />
      <m code="principalpath" />
      <m code="removedauthorizations" />
      <m code="schema" />
      <m code="searchable" />
      <m code="shareDenyTokens" label_en="printable" label_fr="printable" />
      <m code="shareTokens" label_en="printable" label_fr="printable" />
      <m code="title" />
      <m code="tokens" />
      <m code="visibleInTrees" />
    </defaultSchema>
    <customSchemas />
  </type>
  <type code="report" label_en="report" label_fr="Rapport" inTransactionLog="t">
    <defaultSchema code="default" label_en="report" label_fr="Rapport">
      <m code="allReferences" />
      <m code="allRemovedAuths" />
      <m code="allauthorizations" />
      <m code="attachedAncestors" />
      <m code="authorizations" />
      <m code="autocomplete" />
      <m code="columnsCount" label_en="columnsCount" label_fr="Nombre de colonnes" systemReserved="f" type="NUMBER" />
      <m code="createdBy" label_en="createdBy" label_fr="Créé par" type="REFERENCE">
        <references schemaType="user" />
      </m>
      <m code="createdOn" />
      <m code="deleted" />
      <m code="denyTokens" label_en="report" label_fr="report" />
      <m code="detachedauthorizations" />
      <m code="errorOnPhysicalDeletion" />
      <m code="followers" />
      <m code="id" />
      <m code="inheritedauthorizations" />
      <m code="legacyIdentifier" />
      <m code="linesCount" label_en="linesCount" label_fr="Nombre de lignes" systemReserved="f" type="NUMBER" defaultRequirement="t" />
      <m code="logicallyDeletedOn" />
      <m code="manualTokens" label_en="report" label_fr="report" />
      <m code="markedForParsing" />
      <m code="markedForPreviewConversion" />
      <m code="markedForReindexing" />
      <m code="migrationDataVersion" />
      <m code="modifiedBy" label_en="modifiedBy" label_fr="Modifié par" type="REFERENCE">
        <references schemaType="user" />
      </m>
      <m code="modifiedOn" />
      <m code="parentpath" />
      <m code="path" />
      <m code="pathParts" />
      <m code="principalpath" />
      <m code="removedauthorizations" />
      <m code="reportedMetadata" label_en="reportedMetadata" label_fr="Métadonnée rapportée" multivalue="t" systemReserved="f" type="STRUCTURE" structureFactory="com.constellio.model.entities.records.wrappers.structure.ReportedMetadataFactory" />
      <m code="schema" />
      <m code="schemaTypeCode" label_en="schemaTypeCode" label_fr="Code du type de schéma" systemReserved="f" type="STRING" defaultRequirement="t" />
      <m code="searchable" />
      <m code="separator" label_en="separator" label_fr="Type de séparateur" systemReserved="f" type="STRING" />
      <m code="shareDenyTokens" label_en="report" label_fr="report" />
      <m code="shareTokens" label_en="report" label_fr="report" />
      <m code="title" />
      <m code="tokens" />
      <m code="username" label_en="username" label_fr="Nom d'utilisateur" systemReserved="f" type="STRING" />
      <m code="visibleInTrees" />
    </defaultSchema>
    <customSchemas />
  </type>
  <type code="savedSearch" label_en="savedSearch" label_fr="Recherche sauvegardée" inTransactionLog="t">
    <defaultSchema code="default" label_en="savedSearch" label_fr="Recherche sauvegardée">
      <m code="advancedSearch" label_en="advancedSearch" label_fr="Critères de recherche avancée" multivalue="t" systemReserved="f" type="STRUCTURE" structureFactory="com.constellio.app.ui.pages.search.criteria.CriterionFactory" />
      <m code="allReferences" />
      <m code="allRemovedAuths" />
      <m code="allauthorizations" />
      <m code="attachedAncestors" />
      <m code="authorizations" />
      <m code="autocomplete" />
      <m code="createdBy" label_en="createdBy" label_fr="Créé par" type="REFERENCE">
        <references schemaType="user" />
      </m>
      <m code="createdOn" />
      <m code="deleted" />
      <m code="denyTokens" label_en="savedSearch" label_fr="savedSearch" />
      <m code="detachedauthorizations" />
      <m code="errorOnPhysicalDeletion" />
      <m code="facetSelections" label_en="facetSelections" label_fr="Facettes" multivalue="t" systemReserved="f" type="STRUCTURE" structureFactory="com.constellio.app.ui.pages.search.criteria.FacetSelectionsFactory" />
      <m code="followers" />
      <m code="freeTextSearch" label_en="freeTextSearch" label_fr="Critère de recherche" systemReserved="f" type="STRING" />
      <m code="id" />
      <m code="inheritedauthorizations" />
      <m code="legacyIdentifier" />
      <m code="logicallyDeletedOn" />
      <m code="manualTokens" label_en="savedSearch" label_fr="Jetons" />
      <m code="markedForParsing" />
      <m code="markedForPreviewConversion" />
      <m code="markedForReindexing" />
      <m code="migrationDataVersion" />
      <m code="modifiedBy" label_en="modifiedBy" label_fr="Modifié par" type="REFERENCE">
        <references schemaType="user" />
      </m>
      <m code="modifiedOn" />
      <m code="pageLength" label_en="pageLength" label_fr="Nombre de résultats" systemReserved="f" type="NUMBER" />
      <m code="pageNumber" label_en="pageNumber" label_fr="init.savedSearch.default.pageNumber" systemReserved="f" type="NUMBER" />
      <m code="parentpath" />
      <m code="path" />
      <m code="pathParts" />
      <m code="principalpath" />
      <m code="public" label_en="public" label_fr="Partagée" systemReserved="f" type="BOOLEAN" />
      <m code="removedauthorizations" />
      <m code="resultsViewMode" label_en="resultsViewMode" label_fr="Mode d'affichage de la recherche" systemReserved="f" type="STRING">
        <defaultValue type="java.lang.String">detailed</defaultValue>
      </m>
      <m code="schema" />
      <m code="schemaFilter" label_en="schemaFilter" label_fr="Filtre sur le format" systemReserved="f" type="STRING" />
      <m code="searchType" label_en="searchType" label_fr="Type de recherche" systemReserved="f" type="STRING" />
      <m code="searchable" />
      <m code="shareDenyTokens" label_en="savedSearch" label_fr="savedSearch" />
      <m code="shareTokens" label_en="savedSearch" label_fr="savedSearch" />
      <m code="sortField" label_en="sortField" label_fr="Champs de tri" systemReserved="f" type="STRING" />
      <m code="sortOrder" label_en="sortOrder" label_fr="Ordre de tri" systemReserved="f" type="ENUM" enumClass="com.constellio.model.entities.records.wrappers.SavedSearch$SortOrder" />
      <m code="temporary" label_en="temporary" label_fr="init.savedSearch.default.temporary" systemReserved="f" type="BOOLEAN" />
      <m code="title" />
      <m code="tokens" />
      <m code="user" label_en="user" label_fr="Utilisateur" systemReserved="f" type="REFERENCE">
        <references schemaType="user" />
      </m>
      <m code="visibleInTrees" />
    </defaultSchema>
    <customSchemas />
  </type>
  <type code="task" label_en="task" label_fr="Task" inTransactionLog="t">
    <defaultSchema code="default" label_en="task" label_fr="Task">
      <m code="allReferences" />
      <m code="allRemovedAuths" />
      <m code="allauthorizations" />
      <m code="assignCandidates" label_en="assignCandidates" label_fr="Les candidats attribués" multivalue="t" systemReserved="f" type="REFERENCE">
        <references schemaType="user" />
      </m>
      <m code="assignedOn" label_en="assignedOn" label_fr="Attribué le" systemReserved="f" type="DATE_TIME" />
      <m code="assignedTo" label_en="assignedTo" label_fr="Attribué à" systemReserved="f" type="REFERENCE">
        <references schemaType="user" />
      </m>
      <m code="attachedAncestors" />
      <m code="authorizations" />
      <m code="autocomplete" />
      <m code="createdBy" label_en="createdBy" label_fr="Créé par" type="REFERENCE">
        <references schemaType="user" />
      </m>
      <m code="createdOn" />
      <m code="deleted" />
      <m code="denyTokens" label_en="task" label_fr="task" />
      <m code="detachedauthorizations" />
      <m code="dueDate" label_en="dueDate" label_fr="Date d''échéance" systemReserved="f" type="DATE_TIME" />
      <m code="errorOnPhysicalDeletion" />
      <m code="finishedBy" label_en="finishedBy" label_fr="Terminé par" systemReserved="f" type="REFERENCE">
        <references schemaType="user" />
      </m>
      <m code="finishedOn" label_en="finishedOn" label_fr="Date de fin" systemReserved="f" type="DATE_TIME" />
      <m code="followers" />
      <m code="id" />
      <m code="inheritedauthorizations" />
      <m code="legacyIdentifier" />
      <m code="logicallyDeletedOn" />
      <m code="manualTokens" label_en="task" label_fr="task" />
      <m code="markedForParsing" />
      <m code="markedForPreviewConversion" />
      <m code="markedForReindexing" />
      <m code="migrationDataVersion" />
      <m code="modifiedBy" label_en="modifiedBy" label_fr="Modifié par" type="REFERENCE">
        <references schemaType="user" />
      </m>
      <m code="modifiedOn" />
      <m code="parentpath" />
      <m code="path" />
      <m code="pathParts" />
      <m code="principalpath" />
      <m code="removedauthorizations" />
      <m code="schema" />
      <m code="searchable" />
      <m code="shareDenyTokens" label_en="task" label_fr="task" />
      <m code="shareTokens" label_en="task" label_fr="task" />
      <m code="title" />
      <m code="tokens" />
      <m code="visibleInTrees" />
      <m code="workflowIdentifier" label_en="workflowIdentifier" label_fr="Identifiant du workflow" systemReserved="f" type="STRING" />
      <m code="workflowRecordIdentifiers" label_en="workflowRecordIdentifiers" label_fr="Identifiant du record du workflow" multivalue="t" systemReserved="f" type="STRING" />
    </defaultSchema>
    <customSchemas>
      <schema code="approval" label_en="approval" label_fr="init.task.approval" undeletable="f">
        <m code="decision" label_en="decision" label_fr="Décision" systemReserved="f" type="STRING">
          <validators classNames="com.constellio.model.services.schemas.validators.DecisionValidator" />
        </m>
      </schema>
    </customSchemas>
  </type>
  <type code="temporaryRecord" label_en="temporaryRecord" label_fr="Enregistrements temporaires" security="t" inTransactionLog="t">
    <defaultSchema code="default" label_en="temporaryRecord" label_fr="Enregistrements temporaires">
      <m code="allReferences" />
      <m code="allRemovedAuths" />
      <m code="allauthorizations" />
      <m code="attachedAncestors" />
      <m code="authorizations" />
      <m code="autocomplete" />
      <m code="content" label_en="content" label_fr="Contenue" type="CONTENT" structureFactory="com.constellio.model.services.contents.ContentFactory" />
      <m code="createdBy" label_en="createdBy" label_fr="Créé par" type="REFERENCE">
        <references schemaType="user" />
      </m>
      <m code="createdOn" />
      <m code="daysBeforeDestruction" label_en="daysBeforeDestruction" label_fr="Nombre de jours avant la destruction" systemReserved="f" type="NUMBER">
        <defaultValue type="java.lang.Integer">7</defaultValue>
        <validators classNames="com.constellio.model.services.schemas.validators.TemporaryRecordValidator" />
      </m>
      <m code="deleted" />
      <m code="denyTokens" label_en="temporaryRecord" label_fr="temporaryRecord" />
      <m code="destructionDate" label_en="destructionDate" label_fr="Date de destruction" type="DATE_TIME">
        <dataEntry calculator="com.constellio.app.modules.rm.model.calculators.TemporaryRecordDestructionDateCalculator" />
      </m>
      <m code="detachedauthorizations" />
      <m code="errorOnPhysicalDeletion" />
      <m code="followers" />
      <m code="id" />
      <m code="inheritedauthorizations" />
      <m code="legacyIdentifier" />
      <m code="logicallyDeletedOn" />
      <m code="manualTokens" label_en="temporaryRecord" label_fr="temporaryRecord" />
      <m code="markedForParsing" />
      <m code="markedForPreviewConversion" />
      <m code="markedForReindexing" />
      <m code="migrationDataVersion" />
      <m code="modifiedBy" label_en="modifiedBy" label_fr="Modifié par" type="REFERENCE">
        <references schemaType="user" />
      </m>
      <m code="modifiedOn" />
      <m code="parentpath" />
      <m code="path" />
      <m code="pathParts" />
      <m code="principalpath" />
      <m code="removedauthorizations" />
      <m code="schema" />
      <m code="searchable" />
      <m code="shareDenyTokens" label_en="temporaryRecord" label_fr="temporaryRecord" />
      <m code="shareTokens" label_en="temporaryRecord" label_fr="temporaryRecord" />
      <m code="title" />
      <m code="tokens" />
      <m code="visibleInTrees" />
    </defaultSchema>
    <customSchemas>
      <schema code="exportAudit" label_en="exportAudit" label_fr="init.temporaryRecord.exportAudit" undeletable="f">
        <m code="endDate" label_en="endDate" label_fr="init.temporaryRecord.exportAudit.endDate" type="DATE_TIME" />
      </schema>
      <schema code="importAudit" label_en="importAudit" label_fr="init.temporaryRecord.importAudit" undeletable="f">
        <m code="endDate" label_en="endDate" label_fr="init.temporaryRecord.importAudit.endDate" type="DATE_TIME" />
        <m code="errors" label_en="errors" label_fr="init.temporaryRecord.importAudit.errors" multivalue="t" type="STRING" />
      </schema>
    </customSchemas>
  </type>
  <type code="user" label_en="user" label_fr="Utilisateur" inTransactionLog="t">
    <defaultSchema code="default" label_en="user" label_fr="Utilisateur">
      <m code="address" label_en="address" label_fr="Adresse" undeletable="f" systemReserved="f" type="STRING" />
      <m code="agentEnabled" label_en="agentEnabled" label_fr="init.user.default.agentEnabled" undeletable="f" systemReserved="f" type="BOOLEAN">
        <defaultValue type="java.lang.Boolean">true</defaultValue>
      </m>
      <m code="allReferences" />
      <m code="allRemovedAuths" />
      <m code="allauthorizations" />
      <m code="allroles" label_en="allroles" label_fr="Rôles" multivalue="t" systemReserved="f" type="STRING">
        <dataEntry calculator="com.constellio.model.services.schemas.calculators.RolesCalculator" />
      </m>
      <m code="alluserauthorizations" label_en="alluserauthorizations" label_fr="Autorisations de l'utilisateur" multivalue="t" systemReserved="f" type="STRING">
        <dataEntry calculator="com.constellio.model.services.schemas.calculators.AllUserAuthorizationsCalculator" />
      </m>
      <m code="attachedAncestors" />
      <m code="authorizations" />
      <m code="autocomplete" />
      <m code="collectionDeleteAccess" label_en="collectionDeleteAccess" label_fr="Accès de suppression à la collection" systemReserved="f" type="BOOLEAN" />
      <m code="collectionReadAccess" label_en="collectionReadAccess" label_fr="Accès de lecture à la collection" systemReserved="f" type="BOOLEAN" />
      <m code="collectionWriteAccess" label_en="collectionWriteAccess" label_fr="Accès d'écriture à la collection" systemReserved="f" type="BOOLEAN" />
      <m code="createdOn" />
      <m code="defaultPageLength" label_en="defaultPageLength" label_fr="Nombre de résultats de recherche par défaut" systemReserved="f" type="ENUM" enumClass="com.constellio.model.entities.enums.SearchPageLength">
        <defaultValue type="com.constellio.model.entities.enums.SearchPageLength">10</defaultValue>
      </m>
      <m code="defaultTabInFolderDisplay" label_en="defaultTabInFolderDisplay" label_fr="init.user.default.defaultTabInFolderDisplay" systemReserved="f" type="STRING" />
      <m code="defaultTaxonomy" label_en="defaultTaxonomy" label_fr="init.user.default.defaultTaxonomy" systemReserved="f" type="STRING" />
      <m code="deleted" />
      <m code="denyTokens" label_en="user" label_fr="user" />
      <m code="detachedauthorizations" />
      <m code="email" label_en="email" label_fr="Courriel" systemReserved="f" type="STRING">
        <validators classNames="com.constellio.model.services.schemas.validators.EmailValidator" />
      </m>
      <m code="errorOnPhysicalDeletion" />
      <m code="fax" label_en="fax" label_fr="T�l�copieur" undeletable="f" systemReserved="f" type="STRING" />
      <m code="firstname" label_en="firstname" label_fr="Nom" systemReserved="f" type="STRING" />
      <m code="followers" />
      <m code="groups" label_en="groups" label_fr="Groupes" multivalue="t" systemReserved="f" type="REFERENCE">
        <references schemaType="group" />
      </m>
      <m code="groupsauthorizations" label_en="groupsauthorizations" label_fr="Autorisations du groupe" multivalue="t" systemReserved="f" type="STRING">
        <dataEntry copied="group_default_allauthorizations" reference="user_default_groups" />
      </m>
      <m code="id" />
      <m code="inheritedauthorizations" />
      <m code="jobTitle" label_en="jobTitle" label_fr="init.user.default.jobTitle" systemReserved="f" type="STRING" />
      <m code="lastIPAddress" label_en="lastIPAddress" label_fr="init.user.default.lastIPAddress" type="STRING" />
      <m code="lastLogin" label_en="lastLogin" label_fr="init.user.default.lastLogin" type="DATE_TIME" />
      <m code="lastname" label_en="lastname" label_fr="Nom de famille" systemReserved="f" type="STRING" />
      <m code="legacyIdentifier" />
      <m code="logicallyDeletedOn" />
      <m code="loginLanguageCode" label_en="loginLanguageCode" label_fr="init.user.default.loginLanguageCode" systemReserved="f" type="STRING" />
      <m code="manualTokens" label_en="user" label_fr="user" />
      <m code="markedForParsing" />
      <m code="markedForPreviewConversion" />
      <m code="markedForReindexing" />
      <m code="migrationDataVersion" />
      <m code="modifiedOn" />
      <m code="parentpath" />
      <m code="path" />
      <m code="pathParts" />
      <m code="personalEmails" label_en="personalEmails" label_fr="Courriels personnels" undeletable="f" multivalue="t" systemReserved="f" type="STRING" />
      <m code="phone" label_en="phone" label_fr="init.user.default.phone" systemReserved="f" type="STRING" />
      <m code="principalpath" />
      <m code="removedauthorizations" />
      <m code="schema" />
      <m code="searchable" />
      <m code="shareDenyTokens" label_en="user" label_fr="user" />
      <m code="shareTokens" label_en="user" label_fr="user" />
      <m code="signature" label_en="signature" label_fr="Signature" systemReserved="f" type="TEXT" />
      <m code="startTab" label_en="startTab" label_fr="init.user.default.startTab" systemReserved="f" type="STRING" />
      <m code="status" label_en="status" label_fr="Statut" systemReserved="f" type="ENUM" enumClass="com.constellio.model.entities.security.global.UserCredentialStatus" />
      <m code="systemAdmin" label_en="systemAdmin" label_fr="init.user.default.systemAdmin" systemReserved="f" type="BOOLEAN" />
      <m code="title">
        <dataEntry calculator="com.constellio.model.entities.records.calculators.UserTitleCalculator" />
      </m>
      <m code="tokens" />
      <m code="username" label_en="username" label_fr="Nom d''utilisateur" systemReserved="f" uniqueValue="t" unmodifiable="t" type="STRING" />
      <m code="userroles" label_en="userroles" label_fr="Rôles d'utilisateur" multivalue="t" systemReserved="f" type="STRING" />
      <m code="usertokens" label_en="usertokens" label_fr="Jetons" multivalue="t" systemReserved="f" type="STRING">
        <dataEntry calculator="com.constellio.model.services.schemas.calculators.UserTokensCalculator2" />
      </m>
      <m code="visibleInTrees" />
      <m code="visibleTableColumns" label_en="visibleTableColumns" label_fr="Colonnes visibles" undeletable="f" systemReserved="f" type="STRUCTURE" structureFactory="com.constellio.model.entities.structures.MapStringListStringStructureFactory" />
    </defaultSchema>
    <customSchemas />
  </type>
  <type code="userCredential" label_en="userCredential" label_fr="init.userCredential" inTransactionLog="t">
    <defaultSchema code="default" label_en="userCredential" label_fr="userCredential">
      <m code="address" label_en="address" label_fr="init.userCredential.default.address" undeletable="f" systemReserved="f" type="STRING" />
      <m code="agentStatus" label_en="agentStatus" label_fr="init.userCredential.default.agentStatus" undeletable="f" systemReserved="f" type="ENUM" enumClass="com.constellio.model.entities.security.global.AgentStatus" />
      <m code="allReferences" />
      <m code="allRemovedAuths" />
      <m code="allauthorizations" />
      <m code="attachedAncestors" />
      <m code="authorizations" />
      <m code="autocomplete" />
      <m code="collections" label_en="collections" label_fr="init.userCredential.default.collections" multivalue="t" systemReserved="f" type="STRING" />
      <m code="createdBy" label_en="createdBy" label_fr="Créé par" type="REFERENCE">
        <references schemaType="user" />
      </m>
      <m code="createdOn" />
      <m code="deleted" />
      <m code="denyTokens" label_en="userCredential" label_fr="userCredential" />
      <m code="detachedauthorizations" />
      <m code="dn" label_en="dn" label_fr="init.userCredential.default.dn" systemReserved="f" type="STRING" />
      <m code="domain" label_en="domain" label_fr="init.userCredential.default.domain" systemReserved="f" type="STRING" />
      <m code="email" label_en="email" label_fr="init.userCredential.default.email" systemReserved="f" type="STRING">
        <validators classNames="com.constellio.model.services.schemas.validators.EmailValidator" />
      </m>
      <m code="errorOnPhysicalDeletion" />
      <m code="fax" label_en="fax" label_fr="init.userCredential.default.fax" undeletable="f" systemReserved="f" type="STRING" />
      <m code="firstname" label_en="firstname" label_fr="init.userCredential.default.firstname" systemReserved="f" type="STRING" />
      <m code="followers" />
      <m code="globalGroups" label_en="globalGroups" label_fr="init.userCredential.default.globalGroups" multivalue="t" systemReserved="f" type="STRING" />
      <m code="id" />
      <m code="inheritedauthorizations" />
      <m code="jobTitle" label_en="jobTitle" label_fr="init.userCredential.default.jobTitle" undeletable="f" systemReserved="f" type="STRING" />
      <m code="lastname" label_en="lastname" label_fr="init.userCredential.default.lastname" systemReserved="f" type="STRING" />
      <m code="legacyIdentifier" />
      <m code="logicallyDeletedOn" />
      <m code="manualTokens" label_en="userCredential" label_fr="userCredential" />
      <m code="markedForParsing" />
      <m code="markedForPreviewConversion" />
      <m code="markedForReindexing" />
      <m code="migrationDataVersion" />
      <m code="modifiedBy" label_en="modifiedBy" label_fr="Modifié par" type="REFERENCE">
        <references schemaType="user" />
      </m>
      <m code="modifiedOn" />
      <m code="msExchangeDelegateList" label_en="msExchangeDelegateList" label_fr="init.userCredential.default.msExchangeDelegateList" multivalue="t" systemReserved="f" type="STRING" />
      <m code="parentpath" />
      <m code="path" />
      <m code="pathParts" />
      <m code="personalEmails" label_en="personalEmails" label_fr="Courriels personnels" multivalue="t" systemReserved="f" type="STRING" />
      <m code="phone" label_en="phone" label_fr="init.userCredential.default.phone" undeletable="f" systemReserved="f" type="STRING" />
      <m code="principalpath" />
      <m code="removedauthorizations" />
      <m code="schema" />
      <m code="searchable" />
      <m code="serviceKey" label_en="serviceKey" label_fr="init.userCredential.default.serviceKey" systemReserved="f" encrypted="t" type="STRING" />
      <m code="shareDenyTokens" label_en="userCredential" label_fr="userCredential" />
      <m code="shareTokens" label_en="userCredential" label_fr="userCredential" />
      <m code="status" label_en="status" label_fr="Statut" systemReserved="f" type="ENUM" defaultRequirement="t" enumClass="com.constellio.model.entities.security.global.UserCredentialStatus" />
      <m code="systemAdmin" label_en="systemAdmin" label_fr="init.userCredential.default.systemAdmin" systemReserved="f" type="BOOLEAN" defaultRequirement="t">
        <defaultValue type="java.lang.Boolean">false</defaultValue>
      </m>
      <m code="title">
        <dataEntry calculator="com.constellio.model.entities.records.calculators.UserTitleCalculator" />
      </m>
      <m code="tokenExpirations" label_en="tokenExpirations" label_fr="init.userCredential.default.tokenExpirations" multivalue="t" systemReserved="f" type="DATE_TIME" />
      <m code="tokenKeys" label_en="tokenKeys" label_fr="init.userCredential.default.tokenKeys" multivalue="t" systemReserved="f" encrypted="t" type="STRING" />
      <m code="tokens" />
      <m code="username" label_en="username" label_fr="Nom d''utilisateur" systemReserved="f" uniqueValue="t" unmodifiable="t" type="STRING" defaultRequirement="t" />
      <m code="visibleInTrees" />
    </defaultSchema>
    <customSchemas />
  </type>
  <type code="userDocument" label_en="userDocument" label_fr="init.userDocument" inTransactionLog="t">
    <defaultSchema code="default" label_en="userDocument" label_fr="userDocument">
      <m code="allReferences" />
      <m code="allRemovedAuths" />
      <m code="allauthorizations" />
      <m code="attachedAncestors" />
      <m code="authorizations" />
      <m code="autocomplete" />
      <m code="content" label_en="content" label_fr="init.userDocument.default.content" searchable="t" systemReserved="f" type="CONTENT" structureFactory="com.constellio.model.services.contents.ContentFactory" />
      <m code="createdBy" label_en="createdBy" label_fr="Créé par" type="REFERENCE">
        <references schemaType="user" />
      </m>
      <m code="createdOn" />
      <m code="deleted" />
      <m code="denyTokens" label_en="userDocument" label_fr="userDocument" />
      <m code="detachedauthorizations" />
      <m code="errorOnPhysicalDeletion" />
      <m code="followers" />
      <m code="formCreatedOn" label_en="formCreatedOn" label_fr="init.userDocument.default.formCreatedOn" undeletable="f" systemReserved="f" type="DATE_TIME" />
      <m code="formModifiedOn" label_en="formModifiedOn" label_fr="init.userDocument.default.formModifiedOn" undeletable="f" systemReserved="f" type="DATE_TIME" />
      <m code="id" />
      <m code="inheritedauthorizations" />
      <m code="legacyIdentifier" />
      <m code="logicallyDeletedOn" />
      <m code="manualTokens" label_en="userDocument" label_fr="userDocument" />
      <m code="markedForParsing" />
      <m code="markedForPreviewConversion" />
      <m code="markedForReindexing" />
      <m code="migrationDataVersion" />
      <m code="modifiedBy" label_en="modifiedBy" label_fr="Modifié par" type="REFERENCE">
        <references schemaType="user" />
      </m>
      <m code="modifiedOn" />
      <m code="parentpath" />
      <m code="path" />
      <m code="pathParts" />
      <m code="principalpath" />
      <m code="removedauthorizations" />
      <m code="schema" />
      <m code="searchable" />
      <m code="shareDenyTokens" label_en="userDocument" label_fr="userDocument" />
      <m code="shareTokens" label_en="userDocument" label_fr="userDocument" />
      <m code="title" />
      <m code="tokens" />
      <m code="user" label_en="user" label_fr="init.userDocument.default.user" systemReserved="f" type="REFERENCE">
        <references schemaType="user" />
      </m>
      <m code="userFolder" label_en="userFolder" label_fr="init.userDocument.default.userFolder" undeletable="f" systemReserved="f" type="REFERENCE">
        <references schemaType="userFolder" />
      </m>
      <m code="visibleInTrees" />
    </defaultSchema>
    <customSchemas />
  </type>
  <type code="userFolder" label_en="userFolder" label_fr="init.userFolder" inTransactionLog="t">
    <defaultSchema code="default" label_en="userFolder" label_fr="userFolder">
      <m code="allReferences" />
      <m code="allRemovedAuths" />
      <m code="allauthorizations" />
      <m code="attachedAncestors" />
      <m code="authorizations" />
      <m code="autocomplete" />
      <m code="createdBy" label_en="createdBy" label_fr="Créé par" type="REFERENCE">
        <references schemaType="user" />
      </m>
      <m code="createdOn" />
      <m code="deleted" />
      <m code="denyTokens" label_en="userFolder" label_fr="userFolder" />
      <m code="detachedauthorizations" />
      <m code="errorOnPhysicalDeletion" />
      <m code="followers" />
      <m code="formCreatedOn" label_en="formCreatedOn" label_fr="init.userFolder.default.formCreatedOn" undeletable="f" systemReserved="f" type="DATE_TIME" />
      <m code="formModifiedOn" label_en="formModifiedOn" label_fr="init.userFolder.default.formModifiedOn" undeletable="f" systemReserved="f" type="DATE_TIME" />
      <m code="id" />
      <m code="inheritedauthorizations" />
      <m code="legacyIdentifier" />
      <m code="logicallyDeletedOn" />
      <m code="manualTokens" label_en="userFolder" label_fr="userFolder" />
      <m code="markedForParsing" />
      <m code="markedForPreviewConversion" />
      <m code="markedForReindexing" />
      <m code="migrationDataVersion" />
      <m code="modifiedBy" label_en="modifiedBy" label_fr="Modifié par" type="REFERENCE">
        <references schemaType="user" />
      </m>
      <m code="modifiedOn" />
      <m code="parentUserFolder" label_en="parentUserFolder" label_fr="init.userFolder.default.parentUserFolder" undeletable="f" systemReserved="f" type="REFERENCE">
        <references schemaType="userFolder" />
      </m>
      <m code="parentpath" />
      <m code="path" />
      <m code="pathParts" />
      <m code="principalpath" />
      <m code="removedauthorizations" />
      <m code="schema" />
      <m code="searchable" />
      <m code="shareDenyTokens" label_en="userFolder" label_fr="userFolder" />
      <m code="shareTokens" label_en="userFolder" label_fr="userFolder" />
      <m code="title" />
      <m code="tokens" />
      <m code="user" label_en="user" label_fr="init.userFolder.default.user" systemReserved="f" essential="t" type="REFERENCE">
        <references schemaType="user" />
      </m>
      <m code="visibleInTrees" />
    </defaultSchema>
    <customSchemas />
  </type>
</types>
